id,formation_id,enseignant_id,etat,date_demande
1,1005,ENS001,APPROVED,2026-04-10 09:15:00
2,1026,ENS001,APPROVED,2026-06-01 14:00:00
3,1008,ENS003,APPROVED,2026-07-05 11:30:00
4,1001,ENS004,PENDING,2026-08-01 10:00:00
5,1002,ENS006,APPROVED,2026-07-20 09:00:00
6,1003,ENS007,PENDING,2026-08-05 16:20:00
7,1005,ENS008,APPROVED,2026-04-25 08:45:00
8,1006,ENS009,APPROVED,2026-01-10 09:30:00
9,1007,ENS010,APPROVED,2026-05-28 13:10:00
10,1027,ENS011,APPROVED,2026-02-12 10:00:00
11,1026,ENS012,APPROVED,2026-06-09 15:00:00
12,1014,ENS013,APPROVED,2026-01-22 11:00:00
13,1021,ENS014,APPROVED,2026-01-18 09:20:00
14,1005,ENS015,REJECTED,2026-04-05 10:10:00
15,1008,ENS016,PENDING,2026-08-08 14:30:00
16,1011,ENS017,PENDING,2026-08-12 09:00:00
17,1019,ENS018,APPROVED,2026-06-15 11:45:00
18,1012,ENS019,APPROVED,2026-07-01 10:30:00
19,1002,ENS020,APPROVED,2026-07-22 16:00:00
20,1022,ENS021,PENDING,2026-08-14 09:50:00
21,1023,ENS022,APPROVED,2026-07-28 10:15:00
22,1024,ENS023,PENDING,2026-08-15 11:00:00
23,1010,ENS024,APPROVED,2026-07-30 09:30:00
24,1016,ENS025,PENDING,2026-08-10 15:40:00
25,1017,ENS026,APPROVED,2026-07-25 12:00:00
26,1018,ENS027,APPROVED,2026-08-02 10:20:00
27,1025,ENS028,PENDING,2026-08-11 09:10:00
28,1028,ENS029,APPROVED,2026-07-29 14:45:00
29,1004,ENS030,PENDING,2026-08-13 13:00:00
30,1009,ENS005,APPROVED,2026-08-03 10:00:00
31,1015,ENS001,REJECTED,2026-08-06 09:25:00
32,1020,ENS003,PENDING,2026-08-09 16:10:00
33,1013,ENS004,APPROVED,2026-08-04 11:35:00
34,1029,ENS006,APPROVED,2026-08-07 15:00:00
35,1001,ENS011,APPROVED,2026-07-18 09:40:00
36,1003,ENS015,APPROVED,2026-07-15 10:55:00
37,1010,ENS020,REJECTED,2026-07-12 14:00:00
38,1024,ENS009,APPROVED,2026-07-16 11:20:00
39,1017,ENS012,APPROVED,2026-07-10 09:05:00
40,1016,ENS023,APPROVED,2026-07-08 10:45:00