teacher_id,competence_id,competence_code,ref_month,date_t,current_level_t3,current_level_t2,current_level_t1,current_level_t,lag_gap_t3_t2,lag_gap_t2_t1,lag_gap_t1_t,rolling_tendance,days_since_last_training,training_frequency_per_month,is_long_absent,is_stagnant,avg_level,min_level,max_level,nb_level_5,nb_level_1,nb_savoirs,nb_competences,competency_coverage_rate,nb_formations_completed,nb_formations_in_progress,taux_assiduite,nb_besoins_exprimes,nb_besoins_approuves,avg_eval_score,nb_evaluations,months_since_last_training,engagement_score,gap_next_3m,source_type,source_id,is_synthetic,created_at,dataset_version
ENS_T03,8,C8,2016-03-01,2016-03-01,5,5,5,4,0,0,-1,-0.3333333333333333,365.0,0.0,1,0,4.5,4.0,5.0,1.0,0.0,2.0,2.0,1.0,0.0,0.0,0.0,0.0,0.0,0.0,0.0,11.990801576872535,0.0,1.3333333333333335,postgresql_d2f,407,False,2016-03-01,v1.1.0
ENS_T03,11,C11,2019-06-01,2019-06-01,4,4,4,3,0,0,-1,-0.3333333333333333,365.0,0.0,1,0,3.5,3.0,4.0,0.0,0.0,2.0,2.0,1.0,0.0,0.0,0.0,0.0,0.0,0.0,0.0,11.990801576872535,0.0,0.0,postgresql_d2f,409,False,2019-06-01,v1.1.0
ENS042,4,C4,2021-01-25,2021-01-25,3,3,3,3,0,0,0,0.0,365.0,0.0,1,0,3.0,3.0,3.0,0.0,0.0,2.0,6.0,0.6666666666666666,0.0,0.0,0.0,0.0,0.0,0.0,0.0,11.990801576872535,0.0,2.0,postgresql_d2f,389,False,2021-01-25,v1.1.0
ENS042,1,C1,2021-03-22,2021-03-22,3,3,3,4,0,0,1,0.3333333333333333,365.0,0.0,1,0,3.3333333333333335,3.0,4.0,0.0,0.0,3.0,6.0,1.0,0.0,0.0,0.0,0.0,0.0,0.0,0.0,11.990801576872535,0.0,0.666666666666667,postgresql_d2f,382,False,2021-03-22,v1.1.0
ENS042,2,C2,2022-02-08,2022-02-08,3,3,3,4,0,0,1,0.3333333333333333,365.0,0.0,1,0,3.5,3.0,4.0,0.0,0.0,2.0,6.0,0.6666666666666666,0.0,0.0,0.0,0.0,0.0,0.0,0.0,11.990801576872535,0.0,0.666666666666667,postgresql_d2f,385,False,2022-02-08,v1.1.0
ENS_T02,6,C6,2022-06-01,2022-06-01,3,3,3,2,0,0,-1,-0.3333333333333333,365.0,0.0,1,0,2.6666666666666665,2.0,3.0,0.0,0.0,3.0,3.0,1.0,0.0,0.0,0.0,0.0,0.0,0.0,0.0,11.990801576872535,0.0,3.333333333333333,postgresql_d2f,402,False,2022-06-01,v1.1.0
ENS039,3,C3,2022-06-25,2022-06-25,3,3,3,3,0,0,0,0.0,225.0,0.1352888888888889,1,0,3.0,3.0,3.0,0.0,0.0,1.0,3.0,0.2,1.0,0.0,0.0,0.0,0.0,0.0,0.0,7.391590013140604,2.0,2.0,postgresql_d2f,365,False,2022-06-25,v1.1.0
ENS042,3,C3,2022-09-30,2022-09-30,3,3,3,2,0,0,-1,-0.3333333333333333,365.0,0.0,1,0,2.5,2.0,3.0,0.0,0.0,2.0,6.0,0.6666666666666666,0.0,0.0,0.0,0.0,0.0,0.0,0.0,11.990801576872535,0.0,3.333333333333333,postgresql_d2f,387,False,2022-09-30,v1.1.0
ENS042,6,C6,2022-10-11,2022-10-11,4,4,4,3,0,0,-1,-0.3333333333333333,365.0,0.0,1,0,3.5,3.0,4.0,0.0,0.0,2.0,6.0,0.6666666666666666,0.0,0.0,0.0,0.0,0.0,0.0,0.0,11.990801576872535,0.0,2.3333333333333335,postgresql_d2f,391,False,2022-10-11,v1.1.0
ENS_T02,7,C7,2023-01-01,2023-01-01,2,2,2,2,0,0,0,0.0,365.0,0.0,1,0,2.0,2.0,2.0,0.0,0.0,1.0,3.0,0.3333333333333333,0.0,0.0,0.0,0.0,0.0,0.0,0.0,11.990801576872535,0.0,0.0,postgresql_d2f,403,False,2023-01-01,v1.1.0
ENS041,6,C6,2023-03-27,2023-03-27,3,3,3,2,0,0,-1,-0.3333333333333333,20.0,1.0,0,0,2.6666666666666665,2.0,3.0,0.0,0.0,3.0,3.0,1.0,1.0,0.0,0.0,0.0,0.0,0.0,0.0,0.657030223390276,2.0,3.333333333333333,postgresql_d2f,376,False,2023-03-27,v1.1.0
ENS_GC1,15,C15,2023-06-01,2023-06-01,3,3,3,2,0,0,-1,-0.3333333333333333,365.0,0.0,1,0,2.5,2.0,3.0,0.0,0.0,2.0,2.0,1.0,0.0,0.0,0.0,0.0,0.0,0.0,0.0,11.990801576872535,0.0,2.333333333333333,postgresql_d2f,413,False,2023-06-01,v1.1.0
ENS042,8,C8,2023-06-12,2023-06-12,2,2,2,2,0,0,0,0.0,365.0,0.0,1,0,2.0,2.0,2.0,0.0,0.0,2.0,6.0,0.6666666666666666,0.0,0.0,0.0,0.0,0.0,0.0,0.0,11.990801576872535,0.0,3.0,postgresql_d2f,393,False,2023-06-12,v1.1.0
ENS039,1,C1,2023-07-07,2023-07-07,3,3,4,3,0,1,-1,0.0,225.0,0.1352888888888889,1,0,3.2,3.0,4.0,0.0,0.0,5.0,3.0,1.0,1.0,0.0,0.0,0.0,0.0,0.0,0.0,7.391590013140604,2.0,2.0,postgresql_d2f,364,False,2023-07-07,v1.1.0
ENS037,1,C1,2023-08-22,2023-08-22,3,3,3,2,0,0,-1,-0.3333333333333333,19.0,1.0,0,0,2.5,2.0,3.0,0.0,0.0,2.0,4.0,1.0,1.0,0.0,0.0,0.0,0.0,0.0,0.0,0.6241787122207622,2.0,3.333333333333333,postgresql_d2f,348,False,2023-08-22,v1.1.0
ENS_T02,9,C9,2023-09-01,2023-09-01,4,4,4,3,0,0,-1,-0.3333333333333333,365.0,0.0,1,0,3.5,3.0,4.0,0.0,0.0,2.0,3.0,0.6666666666666666,0.0,0.0,0.0,0.0,0.0,0.0,0.0,11.990801576872535,0.0,0.3333333333333335,postgresql_d2f,405,False,2023-09-01,v1.1.0
ENS037,3,C3,2023-09-12,2023-09-12,3,3,3,3,0,0,0,0.0,19.0,1.0,0,0,3.0,3.0,3.0,0.0,0.0,2.0,4.0,1.0,1.0,0.0,0.0,0.0,0.0,0.0,0.0,0.6241787122207622,2.0,2.0,postgresql_d2f,350,False,2023-09-12,v1.1.0
ENS040,4,C4,2023-11-28,2023-11-28,3,3,2,2,0,-1,0,-0.3333333333333333,153.0,0.19895424836601308,0,0,2.3333333333333335,2.0,3.0,0.0,0.0,3.0,3.0,1.0,1.0,0.0,0.0,0.0,0.0,0.0,0.0,5.026281208935611,2.0,3.333333333333333,postgresql_d2f,370,False,2023-11-28,v1.1.0
ENS003,4,C4,2023-12-01,2023-12-01,4,4,3,3,0,-1,0,-0.3333333333333333,18.0,2.0,0,0,3.3333333333333335,3.0,4.0,0.0,0.0,3.0,2.0,1.0,2.0,0.0,0.9411764705882353,0.0,0.0,3.0,2.0,0.5913272010512484,17.705882352941178,2.3333333333333335,postgresql_d2f,11,False,2023-12-01,v1.1.0
ENS004,8,C8,2024-01-01,2024-01-01,4,4,4,3,0,0,-1,-0.3333333333333333,14.0,3.0,0,0,3.5,3.0,4.0,0.0,0.0,2.0,2.0,1.0,3.0,0.0,0.9285714285714286,0.0,0.0,3.0,1.0,0.45992115637319314,18.142857142857142,2.3333333333333335,postgresql_d2f,14,False,2024-01-01,v1.1.0
ENS004,1,C1,2024-01-01,2024-01-01,3,3,3,3,0,0,0,0.0,14.0,3.0,0,0,3.0,3.0,3.0,0.0,0.0,1.0,2.0,0.5,3.0,0.0,0.9285714285714286,0.0,0.0,3.0,1.0,0.45992115637319314,18.142857142857142,2.0,postgresql_d2f,13,False,2024-01-01,v1.1.0
ENS_T01,1,C1,2024-01-01,2024-01-01,1,1,2,2,0,1,0,0.3333333333333333,365.0,0.0,1,0,1.5,1.0,2.0,0.0,2.0,4.0,3.0,1.0,0.0,0.0,0.0,0.0,0.0,0.0,0.0,11.990801576872535,0.0,2.6666666666666665,postgresql_d2f,397,False,2024-01-01,v1.1.0
ENS_GC1,13,C13,2024-01-15,2024-01-15,2,2,2,1,0,0,-1,-0.3333333333333333,365.0,0.0,1,0,1.5,1.0,2.0,0.0,1.0,2.0,2.0,1.0,0.0,0.0,0.0,0.0,0.0,0.0,0.0,11.990801576872535,0.0,3.0,postgresql_d2f,411,False,2024-01-15,v1.1.0
ENS_T01,2,C2,2024-02-01,2024-02-01,1,1,1,1,0,0,0,0.0,365.0,0.0,1,0,1.0,1.0,1.0,0.0,1.0,1.0,3.0,0.25,0.0,0.0,0.0,0.0,0.0,0.0,0.0,11.990801576872535,0.0,4.0,postgresql_d2f,398,False,2024-02-01,v1.1.0
ENS005,2,C2,2024-03-01,2024-03-01,3,3,3,3,0,0,0,0.0,98.0,0.3106122448979592,0,0,3.0,3.0,3.0,0.0,0.0,1.0,3.0,0.5,1.0,0.0,0.6666666666666666,0.0,0.0,3.5,1.0,3.219448094612352,13.833333333333332,2.0,postgresql_d2f,17,False,2024-03-01,v1.1.0
ENS038,1,C1,2024-04-17,2024-04-17,2,2,2,1,0,0,-1,-0.3333333333333333,27.0,1.0,0,0,1.6666666666666667,1.0,2.0,0.0,1.0,3.0,3.0,1.0,1.0,0.0,0.0,0.0,0.0,0.0,0.0,0.8869908015768725,2.0,4.0,postgresql_d2f,356,False,2024-04-17,v1.1.0
ENS_T01,3,C3,2024-05-01,2024-05-01,2,2,2,2,0,0,0,0.0,365.0,0.0,1,0,2.0,2.0,2.0,0.0,0.0,1.0,3.0,0.25,0.0,0.0,0.0,0.0,0.0,0.0,0.0,11.990801576872535,0.0,3.0,postgresql_d2f,399,False,2024-05-01,v1.1.0
ENS041,7,C7,2024-05-16,2024-05-16,2,2,2,2,0,0,0,0.0,20.0,1.0,0,0,2.0,2.0,2.0,0.0,0.0,1.0,3.0,0.3333333333333333,1.0,0.0,0.0,0.0,0.0,0.0,0.0,0.657030223390276,2.0,0.0,postgresql_d2f,377,False,2024-05-16,v1.1.0
ENS003,3,C3,2024-06-01,2024-06-01,2,2,2,2,0,0,0,0.0,18.0,2.0,0,0,2.0,2.0,2.0,0.0,0.0,1.0,2.0,0.3333333333333333,2.0,0.0,0.9411764705882353,0.0,0.0,3.0,2.0,0.5913272010512484,17.705882352941178,3.0,postgresql_d2f,12,False,2024-06-01,v1.1.0
ENS001,1,C1,2024-06-01,2024-06-01,4,4,4,3,0,0,-1,-0.3333333333333333,100.0,0.6088,0,0,3.6666666666666665,3.0,4.0,0.0,0.0,3.0,2.0,1.0,2.0,0.0,0.8823529411764706,0.0,0.0,4.166666666666667,3.0,3.2851511169513796,21.245098039215687,2.3333333333333335,postgresql_d2f,3,False,2024-06-01,v1.1.0
ENS040,5,C5,2024-06-05,2024-06-05,3,3,3,3,0,0,0,0.0,153.0,0.19895424836601308,0,0,3.0,3.0,3.0,0.0,0.0,1.0,3.0,0.3333333333333333,1.0,0.0,0.0,0.0,0.0,0.0,0.0,5.026281208935611,2.0,0.0,postgresql_d2f,371,False,2024-06-05,v1.1.0
ENS036,8,C8,2024-06-30,2024-06-30,3,3,3,2,0,0,-1,-0.3333333333333333,24.0,1.0,0,0,2.5,2.0,3.0,0.0,0.0,2.0,4.0,0.6666666666666666,1.0,0.0,0.0,0.0,0.0,0.0,0.0,0.7884362680683311,2.0,3.333333333333333,postgresql_d2f,344,False,2024-06-30,v1.1.0
ENS037,5,C5,2024-07-19,2024-07-19,2,2,2,2,0,0,0,0.0,19.0,1.0,0,0,2.0,2.0,2.0,0.0,0.0,1.0,4.0,0.5,1.0,0.0,0.0,0.0,0.0,0.0,0.0,0.6241787122207622,2.0,1.0,postgresql_d2f,351,False,2024-07-19,v1.1.0
ENS038,10,C10,2024-08-30,2024-08-30,3,3,3,2,0,0,-1,-0.3333333333333333,27.0,1.0,0,0,2.5,2.0,3.0,0.0,0.0,2.0,3.0,0.6666666666666666,1.0,0.0,0.0,0.0,0.0,0.0,0.0,0.8869908015768725,2.0,1.3333333333333333,postgresql_d2f,358,False,2024-08-30,v1.1.0
ENS002,2,C2,2024-09-01,2024-09-01,4,4,4,3,0,0,-1,-0.3333333333333333,99.0,0.614949494949495,0,0,3.5,3.0,4.0,0.0,0.0,2.0,2.0,1.0,2.0,0.0,0.8235294117647058,0.0,0.0,4.25,2.0,3.252299605781866,19.61764705882353,2.3333333333333335,postgresql_d2f,7,False,2024-09-01,v1.1.0
ENS001,3,C3,2025-01-01,2025-01-01,3,3,3,2,0,0,-1,-0.3333333333333333,100.0,0.6088,0,0,2.5,2.0,3.0,0.0,0.0,2.0,2.0,0.6666666666666666,2.0,0.0,0.8823529411764706,0.0,0.0,4.166666666666667,3.0,3.2851511169513796,21.245098039215687,3.333333333333333,postgresql_d2f,5,False,2025-01-01,v1.1.0
ENS005,1,C1,2025-01-01,2025-01-01,4,4,4,3,0,0,-1,-0.3333333333333333,98.0,0.3106122448979592,0,0,3.5,3.0,4.0,0.0,0.0,2.0,3.0,1.0,1.0,0.0,0.6666666666666666,0.0,0.0,3.5,1.0,3.219448094612352,13.833333333333332,2.3333333333333335,postgresql_d2f,18,False,2025-01-01,v1.1.0
ENS035,2,C2,2025-01-20,2025-01-20,3,3,3,2,0,0,-1,-0.3333333333333333,21.0,1.0,0,0,2.6666666666666665,2.0,3.0,0.0,0.0,3.0,3.0,1.0,1.0,0.0,0.0,0.0,0.0,0.0,0.0,0.6898817345597897,2.0,3.333333333333333,postgresql_d2f,334,False,2025-01-20,v1.1.0
ENS038,9,C9,2025-02-14,2025-02-14,2,2,2,2,0,0,0,0.0,27.0,1.0,0,0,2.0,2.0,2.0,0.0,0.0,1.0,3.0,0.3333333333333333,1.0,0.0,0.0,0.0,0.0,0.0,0.0,0.8869908015768725,2.0,1.0,postgresql_d2f,359,False,2025-02-14,v1.1.0
ENS002,6,C6,2025-03-01,2025-03-01,2,2,2,2,0,0,0,0.0,99.0,0.614949494949495,0,0,2.0,2.0,2.0,0.0,0.0,1.0,2.0,0.5,2.0,0.0,0.8235294117647058,0.0,0.0,4.25,2.0,3.252299605781866,19.61764705882353,3.0,postgresql_d2f,8,False,2025-03-01,v1.1.0
ENS035,8,C8,2025-03-15,2025-03-15,1,1,1,3,0,0,2,0.6666666666666666,21.0,1.0,0,0,2.0,1.0,3.0,0.0,1.0,2.0,3.0,0.6666666666666666,1.0,0.0,0.0,0.0,0.0,0.0,0.0,0.6898817345597897,2.0,1.3333333333333335,postgresql_d2f,337,False,2025-03-15,v1.1.0
ENS036,3,C3,2025-04-08,2025-04-08,2,2,2,2,0,0,0,0.0,24.0,1.0,0,0,2.0,2.0,2.0,0.0,0.0,1.0,4.0,0.3333333333333333,1.0,0.0,0.0,0.0,0.0,0.0,0.0,0.7884362680683311,2.0,3.0,postgresql_d2f,343,False,2025-04-08,v1.1.0
ENS037,10,C10,2025-05-15,2025-05-15,4,4,4,1,0,0,-3,-1.0,19.0,1.0,0,0,2.5,1.0,4.0,0.0,1.0,2.0,4.0,1.0,1.0,0.0,0.0,0.0,0.0,0.0,0.0,0.6241787122207622,2.0,2.0,postgresql_d2f,353,False,2025-05-15,v1.1.0
ENS005,3,C3,2025-06-01,2025-06-01,2,2,2,2,0,0,0,0.0,98.0,0.3106122448979592,0,0,2.0,2.0,2.0,0.0,0.0,1.0,3.0,0.5,1.0,0.0,0.6666666666666666,0.0,0.0,3.5,1.0,3.219448094612352,13.833333333333332,0.0,postgresql_d2f,19,False,2025-06-01,v1.1.0
ENS036,2,C2,2025-06-25,2025-06-25,1,1,2,1,0,1,-1,0.0,24.0,1.0,0,0,1.3333333333333333,1.0,2.0,0.0,2.0,3.0,4.0,1.0,1.0,0.0,0.0,0.0,0.0,0.0,0.0,0.7884362680683311,2.0,4.0,postgresql_d2f,341,False,2025-06-25,v1.1.0
ENS039,9,C9,2025-08-19,2025-08-19,1,1,1,1,0,0,0,0.0,225.0,0.1352888888888889,1,0,1.0,1.0,1.0,0.0,2.0,2.0,3.0,0.4,1.0,0.0,0.0,0.0,0.0,0.0,0.0,7.391590013140604,2.0,2.0,postgresql_d2f,367,False,2025-08-19,v1.1.0
ENS036,11,C11,2025-09-05,2025-09-05,4,4,4,4,0,0,0,0.0,24.0,1.0,0,0,4.0,4.0,4.0,0.0,0.0,1.0,4.0,0.3333333333333333,1.0,0.0,0.0,0.0,0.0,0.0,0.0,0.7884362680683311,2.0,0.0,postgresql_d2f,346,False,2025-09-05,v1.1.0
ENS040,10,C10,2025-09-30,2025-09-30,1,1,1,2,0,0,1,0.3333333333333333,153.0,0.19895424836601308,0,0,1.5,1.0,2.0,0.0,1.0,2.0,3.0,0.6666666666666666,1.0,0.0,0.0,0.0,0.0,0.0,0.0,5.026281208935611,2.0,0.6666666666666665,postgresql_d2f,373,False,2025-09-30,v1.1.0
ENS035,11,C11,2026-01-18,2026-01-18,3,3,3,1,0,0,-2,-0.6666666666666666,21.0,1.0,0,0,2.0,1.0,3.0,0.0,1.0,2.0,3.0,0.6666666666666666,1.0,0.0,0.0,0.0,0.0,0.0,0.0,0.6898817345597897,2.0,1.0,postgresql_d2f,339,False,2026-01-18,v1.1.0
ENS041,9,C9,2026-02-11,2026-02-11,3,3,2,1,0,-1,-1,-0.6666666666666666,20.0,1.0,0,0,2.0,1.0,3.0,0.0,1.0,3.0,3.0,1.0,1.0,0.0,0.0,0.0,0.0,0.0,0.0,0.657030223390276,2.0,2.0,postgresql_d2f,380,False,2026-02-11,v1.1.0
ENS023,3,C3,2026-07-22,2026-07-22,2,2,2,3,0,0,1,0.3333333333333333,365.0,0.0,1,0,2.5,2.0,3.0,0.0,0.0,2.0,5.0,0.6666666666666666,0.0,0.0,0.0,0.0,0.0,0.0,0.0,11.990801576872535,0.0,1.6666666666666665,postgresql_d2f,223,False,2026-07-22,v1.1.0
ENS024,2,C2,2026-07-22,2026-07-22,3,3,3,2,0,0,-1,-0.3333333333333333,365.0,0.0,1,0,2.6666666666666665,2.0,3.0,0.0,0.0,3.0,5.0,0.6,0.0,0.0,0.0,0.0,0.0,0.0,0.0,11.990801576872535,0.0,3.333333333333333,postgresql_d2f,235,False,2026-07-22,v1.1.0
ENS024,3,C3,2026-07-22,2026-07-22,3,3,3,3,0,0,0,0.0,365.0,0.0,1,0,3.0,3.0,3.0,0.0,0.0,1.0,5.0,0.2,0.0,0.0,0.0,0.0,0.0,0.0,0.0,11.990801576872535,0.0,2.0,postgresql_d2f,236,False,2026-07-22,v1.1.0
ENS023,6,C6,2026-07-22,2026-07-22,1,1,1,1,0,0,0,0.0,365.0,0.0,1,0,1.0,1.0,1.0,0.0,2.0,2.0,5.0,0.6666666666666666,0.0,0.0,0.0,0.0,0.0,0.0,0.0,11.990801576872535,0.0,4.0,postgresql_d2f,227,False,2026-07-22,v1.1.0
ENS024,4,C4,2026-07-22,2026-07-22,1,1,1,3,0,0,2,0.6666666666666666,365.0,0.0,1,0,2.0,1.0,3.0,0.0,1.0,2.0,5.0,0.4,0.0,0.0,0.0,0.0,0.0,0.0,0.0,11.990801576872535,0.0,1.3333333333333335,postgresql_d2f,238,False,2026-07-22,v1.1.0
ENS023,4,C4,2026-07-22,2026-07-22,3,3,3,2,0,0,-1,-0.3333333333333333,365.0,0.0,1,0,2.5,2.0,3.0,0.0,0.0,2.0,5.0,0.6666666666666666,0.0,0.0,0.0,0.0,0.0,0.0,0.0,11.990801576872535,0.0,3.333333333333333,postgresql_d2f,225,False,2026-07-22,v1.1.0
ENS024,1,C1,2026-07-22,2026-07-22,2,1,1,1,-1,0,0,-0.3333333333333333,365.0,0.0,1,0,1.6,1.0,3.0,0.0,3.0,5.0,5.0,1.0,0.0,0.0,0.0,0.0,0.0,0.0,0.0,11.990801576872535,0.0,4.0,postgresql_d2f,232,False,2026-07-22,v1.1.0
ENS023,2,C2,2026-07-22,2026-07-22,3,3,3,3,0,0,0,0.0,365.0,0.0,1,0,3.0,3.0,3.0,0.0,0.0,1.0,5.0,0.3333333333333333,0.0,0.0,0.0,0.0,0.0,0.0,0.0,11.990801576872535,0.0,0.0,postgresql_d2f,221,False,2026-07-22,v1.1.0
FORM001,1,C1,2026-07-22,2026-07-22,1,1,1,2,0,0,1,0.3333333333333333,365.0,0.0,1,0,1.2,1.0,2.0,0.0,4.0,5.0,6.0,1.0,0.0,0.0,0.0,0.0,0.0,4.5,1.0,11.990801576872535,10.5,2.6666666666666665,postgresql_d2f,278,False,2026-07-22,v1.1.0
ENS022,6,C6,2026-07-22,2026-07-22,2,2,2,2,0,0,0,0.0,365.0,0.0,1,0,2.0,2.0,2.0,0.0,0.0,1.0,5.0,0.16666666666666666,0.0,0.0,0.0,0.0,0.0,0.0,0.0,11.990801576872535,0.0,3.0,postgresql_d2f,217,False,2026-07-22,v1.1.0
ENS022,4,C4,2026-07-22,2026-07-22,2,2,3,1,0,1,-2,-0.3333333333333333,365.0,0.0,1,0,2.0,1.0,3.0,0.0,1.0,3.0,5.0,0.5,0.0,0.0,0.0,0.0,0.0,0.0,0.0,11.990801576872535,0.0,4.0,postgresql_d2f,216,False,2026-07-22,v1.1.0
ENS022,3,C3,2026-07-22,2026-07-22,2,2,2,2,0,0,0,0.0,365.0,0.0,1,0,2.0,2.0,2.0,0.0,0.0,1.0,5.0,0.16666666666666666,0.0,0.0,0.0,0.0,0.0,0.0,0.0,11.990801576872535,0.0,3.0,postgresql_d2f,213,False,2026-07-22,v1.1.0
ENS024,6,C6,2026-07-22,2026-07-22,1,1,1,1,0,0,0,0.0,365.0,0.0,1,0,1.0,1.0,1.0,0.0,1.0,1.0,5.0,0.2,0.0,0.0,0.0,0.0,0.0,0.0,0.0,11.990801576872535,0.0,4.0,postgresql_d2f,239,False,2026-07-22,v1.1.0
ENS022,2,C2,2026-07-22,2026-07-22,3,3,3,3,0,0,0,0.0,365.0,0.0,1,0,3.0,3.0,3.0,0.0,0.0,2.0,5.0,0.3333333333333333,0.0,0.0,0.0,0.0,0.0,0.0,0.0,11.990801576872535,0.0,0.0,postgresql_d2f,212,False,2026-07-22,v1.1.0
ENS022,1,C1,2026-07-22,2026-07-22,3,3,3,1,0,0,-2,-0.6666666666666666,365.0,0.0,1,0,2.3333333333333335,1.0,3.0,0.0,1.0,6.0,5.0,1.0,0.0,0.0,0.0,0.0,0.0,0.0,0.0,11.990801576872535,0.0,4.0,postgresql_d2f,210,False,2026-07-22,v1.1.0
ENS021,6,C6,2026-07-22,2026-07-22,2,2,2,2,0,0,0,0.0,365.0,0.0,1,0,2.0,2.0,2.0,0.0,0.0,2.0,5.0,0.5,0.0,0.0,0.0,0.0,0.0,0.0,0.0,11.990801576872535,0.0,3.0,postgresql_d2f,204,False,2026-07-22,v1.1.0
ENS021,4,C4,2026-07-22,2026-07-22,3,3,3,1,0,0,-2,-0.6666666666666666,365.0,0.0,1,0,2.0,1.0,3.0,0.0,1.0,2.0,5.0,0.5,0.0,0.0,0.0,0.0,0.0,0.0,0.0,11.990801576872535,0.0,4.0,postgresql_d2f,202,False,2026-07-22,v1.1.0
ENS023,1,C1,2026-07-22,2026-07-22,1,1,2,3,0,1,1,0.6666666666666666,365.0,0.0,1,0,2.0,1.0,3.0,0.0,1.0,3.0,5.0,1.0,0.0,0.0,0.0,0.0,0.0,0.0,0.0,11.990801576872535,0.0,1.3333333333333335,postgresql_d2f,220,False,2026-07-22,v1.1.0
ENS025,1,C1,2026-07-22,2026-07-22,2,2,2,3,0,0,1,0.3333333333333333,365.0,0.0,1,0,2.5,2.0,3.0,0.0,0.0,2.0,5.0,1.0,0.0,0.0,0.0,0.0,0.0,0.0,0.0,11.990801576872535,0.0,1.6666666666666665,postgresql_d2f,241,False,2026-07-22,v1.1.0
ENS026,5,C5,2026-07-22,2026-07-22,1,1,1,1,0,0,0,0.0,365.0,0.0,1,0,1.0,1.0,1.0,0.0,1.0,1.0,6.0,0.25,0.0,0.0,0.0,0.0,0.0,0.0,0.0,11.990801576872535,0.0,2.0,postgresql_d2f,258,False,2026-07-22,v1.1.0
ENS025,3,C3,2026-07-22,2026-07-22,2,2,2,1,0,0,-1,-0.3333333333333333,365.0,0.0,1,0,1.5,1.0,2.0,0.0,1.0,2.0,5.0,1.0,0.0,0.0,0.0,0.0,0.0,0.0,0.0,11.990801576872535,0.0,4.0,postgresql_d2f,245,False,2026-07-22,v1.1.0
FORM001,2,C2,2026-07-22,2026-07-22,1,1,1,1,0,0,0,0.0,365.0,0.0,1,0,1.0,1.0,1.0,0.0,1.0,1.0,6.0,0.2,0.0,0.0,0.0,0.0,0.0,4.5,1.0,11.990801576872535,10.5,1.0,postgresql_d2f,282,False,2026-07-22,v1.1.0
FORM001,3,C3,2026-07-22,2026-07-22,3,3,3,2,0,0,-1,-0.3333333333333333,365.0,0.0,1,0,2.5,2.0,3.0,0.0,0.0,2.0,6.0,0.4,0.0,0.0,0.0,0.0,0.0,4.5,1.0,11.990801576872535,10.5,3.333333333333333,postgresql_d2f,280,False,2026-07-22,v1.1.0
FORM001,4,C4,2026-07-22,2026-07-22,3,3,3,3,0,0,0,0.0,365.0,0.0,1,0,3.0,3.0,3.0,0.0,0.0,1.0,6.0,0.2,0.0,0.0,0.0,0.0,0.0,4.5,1.0,11.990801576872535,10.5,2.0,postgresql_d2f,281,False,2026-07-22,v1.1.0
ENS021,3,C3,2026-07-22,2026-07-22,1,2,1,3,1,-1,2,0.6666666666666666,365.0,0.0,1,0,1.75,1.0,3.0,0.0,2.0,4.0,5.0,1.0,0.0,0.0,0.0,0.0,0.0,0.0,0.0,11.990801576872535,0.0,1.3333333333333335,postgresql_d2f,200,False,2026-07-22,v1.1.0
ENS027,6,C6,2026-07-22,2026-07-22,1,1,1,1,0,0,0,0.0,365.0,0.0,1,0,1.0,1.0,1.0,0.0,1.0,1.0,6.0,0.2,0.0,0.0,0.0,0.0,0.0,0.0,0.0,11.990801576872535,0.0,4.0,postgresql_d2f,273,False,2026-07-22,v1.1.0
ENS027,5,C5,2026-07-22,2026-07-22,1,1,1,1,0,0,0,0.0,365.0,0.0,1,0,1.0,1.0,1.0,0.0,1.0,1.0,6.0,0.2,0.0,0.0,0.0,0.0,0.0,0.0,0.0,11.990801576872535,0.0,2.0,postgresql_d2f,272,False,2026-07-22,v1.1.0
ENS027,4,C4,2026-07-22,2026-07-22,3,3,2,2,0,-1,0,-0.3333333333333333,365.0,0.0,1,0,2.3333333333333335,2.0,3.0,0.0,0.0,3.0,6.0,0.6,0.0,0.0,0.0,0.0,0.0,0.0,0.0,11.990801576872535,0.0,3.333333333333333,postgresql_d2f,271,False,2026-07-22,v1.1.0
ENS027,3,C3,2026-07-22,2026-07-22,2,2,3,1,0,1,-2,-0.3333333333333333,365.0,0.0,1,0,2.0,1.0,3.0,0.0,1.0,3.0,6.0,0.6,0.0,0.0,0.0,0.0,0.0,0.0,0.0,11.990801576872535,0.0,1.0,postgresql_d2f,268,False,2026-07-22,v1.1.0
ENS027,2,C2,2026-07-22,2026-07-22,1,1,1,1,0,0,0,0.0,365.0,0.0,1,0,1.0,1.0,1.0,0.0,1.0,1.0,6.0,0.2,0.0,0.0,0.0,0.0,0.0,0.0,0.0,11.990801576872535,0.0,4.0,postgresql_d2f,265,False,2026-07-22,v1.1.0
ENS027,1,C1,2026-07-22,2026-07-22,2,3,3,3,1,0,0,0.3333333333333333,365.0,0.0,1,0,2.8,2.0,3.0,0.0,0.0,5.0,6.0,1.0,0.0,0.0,0.0,0.0,0.0,0.0,0.0,11.990801576872535,0.0,1.6666666666666665,postgresql_d2f,264,False,2026-07-22,v1.1.0
ENS026,6,C6,2026-07-22,2026-07-22,2,2,2,2,0,0,0,0.0,365.0,0.0,1,0,2.0,2.0,2.0,0.0,0.0,1.0,6.0,0.25,0.0,0.0,0.0,0.0,0.0,0.0,0.0,11.990801576872535,0.0,3.0,postgresql_d2f,259,False,2026-07-22,v1.1.0
ENS026,4,C4,2026-07-22,2026-07-22,2,2,2,3,0,0,1,0.3333333333333333,365.0,0.0,1,0,2.5,2.0,3.0,0.0,0.0,2.0,6.0,0.5,0.0,0.0,0.0,0.0,0.0,0.0,0.0,11.990801576872535,0.0,1.6666666666666665,postgresql_d2f,257,False,2026-07-22,v1.1.0
ENS026,3,C3,2026-07-22,2026-07-22,1,1,2,3,0,1,1,0.6666666666666666,365.0,0.0,1,0,2.0,1.0,3.0,0.0,1.0,3.0,6.0,0.75,0.0,0.0,0.0,0.0,0.0,0.0,0.0,11.990801576872535,0.0,1.3333333333333335,postgresql_d2f,255,False,2026-07-22,v1.1.0
ENS026,2,C2,2026-07-22,2026-07-22,2,2,2,2,0,0,0,0.0,365.0,0.0,1,0,2.0,2.0,2.0,0.0,0.0,1.0,6.0,0.25,0.0,0.0,0.0,0.0,0.0,0.0,0.0,11.990801576872535,0.0,3.0,postgresql_d2f,252,False,2026-07-22,v1.1.0
ENS026,1,C1,2026-07-22,2026-07-22,2,2,1,1,0,-1,0,-0.3333333333333333,365.0,0.0,1,0,1.5,1.0,2.0,0.0,2.0,4.0,6.0,1.0,0.0,0.0,0.0,0.0,0.0,0.0,0.0,11.990801576872535,0.0,4.0,postgresql_d2f,251,False,2026-07-22,v1.1.0
ENS025,6,C6,2026-07-22,2026-07-22,3,3,3,3,0,0,0,0.0,365.0,0.0,1,0,3.0,3.0,3.0,0.0,0.0,1.0,5.0,0.5,0.0,0.0,0.0,0.0,0.0,0.0,0.0,11.990801576872535,0.0,2.0,postgresql_d2f,247,False,2026-07-22,v1.1.0
ENS025,4,C4,2026-07-22,2026-07-22,3,3,3,3,0,0,0,0.0,365.0,0.0,1,0,3.0,3.0,3.0,0.0,0.0,1.0,5.0,0.5,0.0,0.0,0.0,0.0,0.0,0.0,0.0,11.990801576872535,0.0,2.0,postgresql_d2f,246,False,2026-07-22,v1.1.0
ENS025,2,C2,2026-07-22,2026-07-22,1,1,1,2,0,0,1,0.3333333333333333,365.0,0.0,1,0,1.5,1.0,2.0,0.0,1.0,2.0,5.0,1.0,0.0,0.0,0.0,0.0,0.0,0.0,0.0,11.990801576872535,0.0,2.6666666666666665,postgresql_d2f,243,False,2026-07-22,v1.1.0
ENS021,2,C2,2026-07-22,2026-07-22,2,2,2,2,0,0,0,0.0,365.0,0.0,1,0,2.0,2.0,2.0,0.0,0.0,1.0,5.0,0.25,0.0,0.0,0.0,0.0,0.0,0.0,0.0,11.990801576872535,0.0,3.0,postgresql_d2f,196,False,2026-07-22,v1.1.0
ENS020,1,C1,2026-07-22,2026-07-22,2,1,2,2,-1,1,0,0.0,365.0,0.0,1,0,1.75,1.0,2.0,0.0,1.0,4.0,5.0,1.0,0.0,0.0,0.0,0.0,0.0,0.0,0.0,11.990801576872535,0.0,3.0,postgresql_d2f,188,False,2026-07-22,v1.1.0
ENS020,5,C5,2026-07-22,2026-07-22,1,1,1,1,0,0,0,0.0,365.0,0.0,1,0,1.0,1.0,1.0,0.0,1.0,1.0,5.0,0.25,0.0,0.0,0.0,0.0,0.0,0.0,0.0,11.990801576872535,0.0,2.0,postgresql_d2f,193,False,2026-07-22,v1.1.0
ENS010,2,C2,2026-07-22,2026-07-22,1,1,1,1,0,0,0,0.0,365.0,0.0,1,0,1.0,1.0,1.0,0.0,1.0,1.0,6.0,0.25,0.0,0.0,0.0,0.0,0.0,0.0,0.0,11.990801576872535,0.0,1.0,postgresql_d2f,74,False,2026-07-22,v1.1.0
ENS010,3,C3,2026-07-22,2026-07-22,3,3,3,3,0,0,0,0.0,365.0,0.0,1,0,3.0,3.0,3.0,0.0,0.0,2.0,6.0,0.5,0.0,0.0,0.0,0.0,0.0,0.0,0.0,11.990801576872535,0.0,2.0,postgresql_d2f,76,False,2026-07-22,v1.1.0
ENS010,4,C4,2026-07-22,2026-07-22,3,3,3,3,0,0,0,0.0,365.0,0.0,1,0,3.0,3.0,3.0,0.0,0.0,1.0,6.0,0.25,0.0,0.0,0.0,0.0,0.0,0.0,0.0,11.990801576872535,0.0,2.0,postgresql_d2f,77,False,2026-07-22,v1.1.0
ENS010,5,C5,2026-07-22,2026-07-22,3,3,3,3,0,0,0,0.0,365.0,0.0,1,0,3.0,3.0,3.0,0.0,0.0,1.0,6.0,0.25,0.0,0.0,0.0,0.0,0.0,0.0,0.0,11.990801576872535,0.0,0.0,postgresql_d2f,78,False,2026-07-22,v1.1.0
ENS010,6,C6,2026-07-22,2026-07-22,1,1,1,3,0,0,2,0.6666666666666666,365.0,0.0,1,0,2.0,1.0,3.0,0.0,1.0,2.0,6.0,0.5,0.0,0.0,0.0,0.0,0.0,0.0,0.0,11.990801576872535,0.0,1.3333333333333335,postgresql_d2f,80,False,2026-07-22,v1.1.0
ENS011,1,C1,2026-07-22,2026-07-22,3,3,3,3,0,0,0,0.0,365.0,0.0,1,0,3.0,3.0,3.0,0.0,0.0,4.0,4.0,1.0,0.0,0.0,0.0,0.0,0.0,0.0,0.0,11.990801576872535,0.0,2.0,postgresql_d2f,84,False,2026-07-22,v1.1.0
ENS011,2,C2,2026-07-22,2026-07-22,1,1,1,1,0,0,0,0.0,365.0,0.0,1,0,1.0,1.0,1.0,0.0,1.0,1.0,4.0,0.25,0.0,0.0,0.0,0.0,0.0,0.0,0.0,11.990801576872535,0.0,4.0,postgresql_d2f,85,False,2026-07-22,v1.1.0
ENS010,1,C1,2026-07-22,2026-07-22,2,1,1,3,-1,0,2,0.3333333333333333,365.0,0.0,1,0,1.75,1.0,3.0,0.0,2.0,4.0,6.0,1.0,0.0,0.0,0.0,0.0,0.0,0.0,0.0,11.990801576872535,0.0,1.6666666666666665,postgresql_d2f,73,False,2026-07-22,v1.1.0
ENS011,3,C3,2026-07-22,2026-07-22,2,2,2,2,0,0,0,0.0,365.0,0.0,1,0,2.0,2.0,2.0,0.0,0.0,2.0,4.0,0.5,0.0,0.0,0.0,0.0,0.0,0.0,0.0,11.990801576872535,0.0,3.0,postgresql_d2f,87,False,2026-07-22,v1.1.0
ENS012,1,C1,2026-07-22,2026-07-22,3,3,1,1,0,-2,0,-0.6666666666666666,365.0,0.0,1,0,1.6666666666666667,1.0,3.0,0.0,2.0,3.0,5.0,1.0,0.0,0.0,0.0,0.0,0.0,0.0,0.0,11.990801576872535,0.0,4.0,postgresql_d2f,91,False,2026-07-22,v1.1.0
ENS012,2,C2,2026-07-22,2026-07-22,1,1,1,1,0,0,0,0.0,365.0,0.0,1,0,1.0,1.0,1.0,0.0,1.0,1.0,5.0,0.3333333333333333,0.0,0.0,0.0,0.0,0.0,0.0,0.0,11.990801576872535,0.0,1.0,postgresql_d2f,92,False,2026-07-22,v1.1.0
ENS012,3,C3,2026-07-22,2026-07-22,3,3,3,1,0,0,-2,-0.6666666666666666,365.0,0.0,1,0,2.3333333333333335,1.0,3.0,0.0,1.0,3.0,5.0,1.0,0.0,0.0,0.0,0.0,0.0,0.0,0.0,11.990801576872535,0.0,4.0,postgresql_d2f,95,False,2026-07-22,v1.1.0
ENS012,5,C5,2026-07-22,2026-07-22,2,2,2,2,0,0,0,0.0,365.0,0.0,1,0,2.0,2.0,2.0,0.0,0.0,1.0,5.0,0.3333333333333333,0.0,0.0,0.0,0.0,0.0,0.0,0.0,11.990801576872535,0.0,1.0,postgresql_d2f,96,False,2026-07-22,v1.1.0
ENS012,6,C6,2026-07-22,2026-07-22,1,1,1,1,0,0,0,0.0,365.0,0.0,1,0,1.0,1.0,1.0,0.0,1.0,1.0,5.0,0.3333333333333333,0.0,0.0,0.0,0.0,0.0,0.0,0.0,11.990801576872535,0.0,4.0,postgresql_d2f,97,False,2026-07-22,v1.1.0
ENS013,1,C1,2026-07-22,2026-07-22,1,3,2,1,2,-1,-1,0.0,365.0,0.0,1,0,1.75,1.0,3.0,0.0,2.0,4.0,6.0,1.0,0.0,0.0,0.0,0.0,0.0,0.0,0.0,11.990801576872535,0.0,1.0,postgresql_d2f,101,False,2026-07-22,v1.1.0
ENS013,2,C2,2026-07-22,2026-07-22,3,3,3,3,0,0,0,0.0,365.0,0.0,1,0,3.0,3.0,3.0,0.0,0.0,1.0,6.0,0.25,0.0,0.0,0.0,0.0,0.0,0.0,0.0,11.990801576872535,0.0,2.0,postgresql_d2f,102,False,2026-07-22,v1.1.0
ENS011,6,C6,2026-07-22,2026-07-22,1,1,1,1,0,0,0,0.0,365.0,0.0,1,0,1.0,1.0,1.0,0.0,1.0,1.0,4.0,0.25,0.0,0.0,0.0,0.0,0.0,0.0,0.0,11.990801576872535,0.0,4.0,postgresql_d2f,88,False,2026-07-22,v1.1.0
ENS009,6,C6,2026-07-22,2026-07-22,1,1,1,1,0,0,0,0.0,365.0,0.0,1,0,1.0,1.0,1.0,0.0,2.0,2.0,5.0,0.4,0.0,0.0,0.0,0.0,0.0,0.0,0.0,11.990801576872535,0.0,4.0,postgresql_d2f,69,False,2026-07-22,v1.1.0
ENS009,5,C5,2026-07-22,2026-07-22,3,3,3,3,0,0,0,0.0,365.0,0.0,1,0,3.0,3.0,3.0,0.0,0.0,1.0,5.0,0.2,0.0,0.0,0.0,0.0,0.0,0.0,0.0,11.990801576872535,0.0,0.0,postgresql_d2f,67,False,2026-07-22,v1.1.0
ENS009,4,C4,2026-07-22,2026-07-22,1,1,1,1,0,0,0,0.0,365.0,0.0,1,0,1.0,1.0,1.0,0.0,1.0,1.0,5.0,0.2,0.0,0.0,0.0,0.0,0.0,0.0,0.0,11.990801576872535,0.0,4.0,postgresql_d2f,66,False,2026-07-22,v1.1.0
ENS006,1,C1,2026-07-22,2026-07-22,2,2,2,3,0,0,1,0.3333333333333333,365.0,0.0,1,0,2.5,2.0,3.0,0.0,0.0,2.0,5.0,0.5,0.0,0.0,0.0,0.0,0.0,0.0,0.0,11.990801576872535,0.0,0.0,postgresql_d2f,23,False,2026-07-22,v1.1.0
ENS006,2,C2,2026-07-22,2026-07-22,1,1,1,1,0,0,0,0.0,365.0,0.0,1,0,1.0,1.0,1.0,0.0,2.0,2.0,5.0,0.5,0.0,0.0,0.0,0.0,0.0,0.0,0.0,11.990801576872535,0.0,4.0,postgresql_d2f,25,False,2026-07-22,v1.1.0
ENS006,3,C3,2026-07-22,2026-07-22,1,1,3,1,0,2,-2,0.0,365.0,0.0,1,0,1.5,1.0,3.0,0.0,3.0,4.0,5.0,1.0,0.0,0.0,0.0,0.0,0.0,0.0,0.0,11.990801576872535,0.0,4.0,postgresql_d2f,29,False,2026-07-22,v1.1.0
ENS006,4,C4,2026-07-22,2026-07-22,3,3,3,3,0,0,0,0.0,365.0,0.0,1,0,3.0,3.0,3.0,0.0,0.0,1.0,5.0,0.25,0.0,0.0,0.0,0.0,0.0,0.0,0.0,11.990801576872535,0.0,2.0,postgresql_d2f,30,False,2026-07-22,v1.1.0
ENS006,6,C6,2026-07-22,2026-07-22,3,3,3,3,0,0,0,0.0,365.0,0.0,1,0,3.0,3.0,3.0,0.0,0.0,1.0,5.0,0.25,0.0,0.0,0.0,0.0,0.0,0.0,0.0,11.990801576872535,0.0,2.0,postgresql_d2f,31,False,2026-07-22,v1.1.0
ENS007,1,C1,2026-07-22,2026-07-22,2,2,3,1,0,1,-2,-0.3333333333333333,365.0,0.0,1,0,2.2,1.0,3.0,0.0,1.0,5.0,4.0,1.0,0.0,0.0,0.0,0.0,0.0,0.0,0.0,11.990801576872535,0.0,4.0,postgresql_d2f,36,False,2026-07-22,v1.1.0
ENS007,2,C2,2026-07-22,2026-07-22,2,2,1,3,0,-1,2,0.3333333333333333,365.0,0.0,1,0,2.0,1.0,3.0,0.0,1.0,3.0,4.0,0.6,0.0,0.0,0.0,0.0,0.0,0.0,0.0,11.990801576872535,0.0,1.6666666666666665,postgresql_d2f,39,False,2026-07-22,v1.1.0
ENS007,3,C3,2026-07-22,2026-07-22,2,2,1,1,0,-1,0,-0.3333333333333333,365.0,0.0,1,0,1.5,1.0,2.0,0.0,2.0,4.0,4.0,0.8,0.0,0.0,0.0,0.0,0.0,0.0,0.0,11.990801576872535,0.0,4.0,postgresql_d2f,43,False,2026-07-22,v1.1.0
ENS007,4,C4,2026-07-22,2026-07-22,2,2,2,2,0,0,0,0.0,365.0,0.0,1,0,2.0,2.0,2.0,0.0,0.0,2.0,4.0,0.4,0.0,0.0,0.0,0.0,0.0,0.0,0.0,11.990801576872535,0.0,3.0,postgresql_d2f,45,False,2026-07-22,v1.1.0
ENS008,1,C1,2026-07-22,2026-07-22,2,2,3,3,0,1,0,0.3333333333333333,365.0,0.0,1,0,2.5,2.0,3.0,0.0,0.0,4.0,6.0,1.0,0.0,0.0,0.0,0.0,0.0,0.0,0.0,11.990801576872535,0.0,1.6666666666666665,postgresql_d2f,49,False,2026-07-22,v1.1.0
ENS008,2,C2,2026-07-22,2026-07-22,3,3,3,3,0,0,0,0.0,365.0,0.0,1,0,3.0,3.0,3.0,0.0,0.0,1.0,6.0,0.25,0.0,0.0,0.0,0.0,0.0,0.0,0.0,11.990801576872535,0.0,0.0,postgresql_d2f,50,False,2026-07-22,v1.1.0
ENS008,3,C3,2026-07-22,2026-07-22,1,1,1,2,0,0,1,0.3333333333333333,365.0,0.0,1,0,1.5,1.0,2.0,0.0,1.0,2.0,6.0,0.5,0.0,0.0,0.0,0.0,0.0,0.0,0.0,11.990801576872535,0.0,2.6666666666666665,postgresql_d2f,52,False,2026-07-22,v1.1.0
ENS008,4,C4,2026-07-22,2026-07-22,2,2,2,3,0,0,1,0.3333333333333333,365.0,0.0,1,0,2.5,2.0,3.0,0.0,0.0,2.0,6.0,0.5,0.0,0.0,0.0,0.0,0.0,0.0,0.0,11.990801576872535,0.0,1.6666666666666665,postgresql_d2f,54,False,2026-07-22,v1.1.0
ENS008,5,C5,2026-07-22,2026-07-22,3,3,3,3,0,0,0,0.0,365.0,0.0,1,0,3.0,3.0,3.0,0.0,0.0,1.0,6.0,0.25,0.0,0.0,0.0,0.0,0.0,0.0,0.0,11.990801576872535,0.0,0.0,postgresql_d2f,55,False,2026-07-22,v1.1.0
ENS008,6,C6,2026-07-22,2026-07-22,3,3,3,3,0,0,0,0.0,365.0,0.0,1,0,3.0,3.0,3.0,0.0,0.0,1.0,6.0,0.25,0.0,0.0,0.0,0.0,0.0,0.0,0.0,11.990801576872535,0.0,2.0,postgresql_d2f,56,False,2026-07-22,v1.1.0
ENS009,1,C1,2026-07-22,2026-07-22,2,2,2,2,0,0,0,0.0,365.0,0.0,1,0,1.8,1.0,2.0,0.0,1.0,5.0,5.0,1.0,0.0,0.0,0.0,0.0,0.0,0.0,0.0,11.990801576872535,0.0,3.0,postgresql_d2f,61,False,2026-07-22,v1.1.0
ENS009,3,C3,2026-07-22,2026-07-22,3,1,3,3,-2,2,0,0.0,365.0,0.0,1,0,2.5,1.0,3.0,0.0,1.0,4.0,5.0,0.8,0.0,0.0,0.0,0.0,0.0,0.0,0.0,11.990801576872535,0.0,2.0,postgresql_d2f,65,False,2026-07-22,v1.1.0
ENS013,3,C3,2026-07-22,2026-07-22,3,3,3,1,0,0,-2,-0.6666666666666666,365.0,0.0,1,0,2.0,1.0,3.0,0.0,1.0,2.0,6.0,0.5,0.0,0.0,0.0,0.0,0.0,0.0,0.0,11.990801576872535,0.0,4.0,postgresql_d2f,104,False,2026-07-22,v1.1.0
ENS021,1,C1,2026-07-22,2026-07-22,1,1,1,3,0,0,2,0.6666666666666666,365.0,0.0,1,0,2.0,1.0,3.0,0.0,1.0,2.0,5.0,0.5,0.0,0.0,0.0,0.0,0.0,0.0,0.0,11.990801576872535,0.0,1.3333333333333335,postgresql_d2f,195,False,2026-07-22,v1.1.0
ENS013,4,C4,2026-07-22,2026-07-22,2,2,2,2,0,0,0,0.0,365.0,0.0,1,0,2.0,2.0,2.0,0.0,0.0,1.0,6.0,0.25,0.0,0.0,0.0,0.0,0.0,0.0,0.0,11.990801576872535,0.0,3.0,postgresql_d2f,105,False,2026-07-22,v1.1.0
ENS013,6,C6,2026-07-22,2026-07-22,1,1,1,3,0,0,2,0.6666666666666666,365.0,0.0,1,0,2.0,1.0,3.0,0.0,1.0,2.0,6.0,0.5,0.0,0.0,0.0,0.0,0.0,0.0,0.0,11.990801576872535,0.0,1.3333333333333335,postgresql_d2f,108,False,2026-07-22,v1.1.0
ENS017,4,C4,2026-07-22,2026-07-22,1,1,1,1,0,0,0,0.0,365.0,0.0,1,0,1.0,1.0,1.0,0.0,2.0,2.0,5.0,0.6666666666666666,0.0,0.0,0.0,0.0,0.0,0.0,0.0,11.990801576872535,0.0,4.0,postgresql_d2f,158,False,2026-07-22,v1.1.0
ENS017,6,C6,2026-07-22,2026-07-22,2,2,2,2,0,0,0,0.0,365.0,0.0,1,0,2.0,2.0,2.0,0.0,0.0,2.0,5.0,0.6666666666666666,0.0,0.0,0.0,0.0,0.0,0.0,0.0,11.990801576872535,0.0,3.0,postgresql_d2f,160,False,2026-07-22,v1.1.0
ENS018,1,C1,2026-07-22,2026-07-22,2,3,3,2,1,0,-1,0.0,365.0,0.0,1,0,2.5,2.0,3.0,0.0,0.0,4.0,4.0,1.0,0.0,0.0,0.0,0.0,0.0,0.0,0.0,11.990801576872535,0.0,3.0,postgresql_d2f,164,False,2026-07-22,v1.1.0
ENS018,2,C2,2026-07-22,2026-07-22,2,2,2,2,0,0,0,0.0,365.0,0.0,1,0,2.0,2.0,2.0,0.0,0.0,1.0,4.0,0.25,0.0,0.0,0.0,0.0,0.0,0.0,0.0,11.990801576872535,0.0,0.0,postgresql_d2f,165,False,2026-07-22,v1.1.0
ENS018,3,C3,2026-07-22,2026-07-22,3,3,3,3,0,0,0,0.0,365.0,0.0,1,0,3.0,3.0,3.0,0.0,0.0,1.0,4.0,0.25,0.0,0.0,0.0,0.0,0.0,0.0,0.0,11.990801576872535,0.0,2.0,postgresql_d2f,166,False,2026-07-22,v1.1.0
ENS018,4,C4,2026-07-22,2026-07-22,3,3,3,3,0,0,0,0.0,365.0,0.0,1,0,3.0,3.0,3.0,0.0,0.0,1.0,4.0,0.25,0.0,0.0,0.0,0.0,0.0,0.0,0.0,11.990801576872535,0.0,2.0,postgresql_d2f,167,False,2026-07-22,v1.1.0
ENS019,1,C1,2026-07-22,2026-07-22,3,3,3,2,0,0,-1,-0.3333333333333333,365.0,0.0,1,0,2.4285714285714284,2.0,3.0,0.0,0.0,7.0,6.0,1.0,0.0,0.0,0.0,0.0,0.0,0.0,0.0,11.990801576872535,0.0,3.333333333333333,postgresql_d2f,174,False,2026-07-22,v1.1.0
ENS017,3,C3,2026-07-22,2026-07-22,2,2,1,2,0,-1,1,0.0,365.0,0.0,1,0,1.6666666666666667,1.0,2.0,0.0,1.0,3.0,5.0,1.0,0.0,0.0,0.0,0.0,0.0,0.0,0.0,11.990801576872535,0.0,3.0,postgresql_d2f,156,False,2026-07-22,v1.1.0
ENS019,2,C2,2026-07-22,2026-07-22,2,2,2,2,0,0,0,0.0,365.0,0.0,1,0,2.0,2.0,2.0,0.0,0.0,1.0,6.0,0.14285714285714285,0.0,0.0,0.0,0.0,0.0,0.0,0.0,11.990801576872535,0.0,3.0,postgresql_d2f,175,False,2026-07-22,v1.1.0
ENS019,4,C4,2026-07-22,2026-07-22,1,1,2,3,0,1,1,0.6666666666666666,365.0,0.0,1,0,2.0,1.0,3.0,0.0,1.0,3.0,6.0,0.42857142857142855,0.0,0.0,0.0,0.0,0.0,0.0,0.0,11.990801576872535,0.0,1.3333333333333335,postgresql_d2f,181,False,2026-07-22,v1.1.0
ENS019,5,C5,2026-07-22,2026-07-22,3,3,3,3,0,0,0,0.0,365.0,0.0,1,0,3.0,3.0,3.0,0.0,0.0,1.0,6.0,0.14285714285714285,0.0,0.0,0.0,0.0,0.0,0.0,0.0,11.990801576872535,0.0,0.0,postgresql_d2f,182,False,2026-07-22,v1.1.0
ENS019,6,C6,2026-07-22,2026-07-22,1,1,1,1,0,0,0,0.0,365.0,0.0,1,0,1.0,1.0,1.0,0.0,2.0,2.0,6.0,0.2857142857142857,0.0,0.0,0.0,0.0,0.0,0.0,0.0,11.990801576872535,0.0,4.0,postgresql_d2f,184,False,2026-07-22,v1.1.0
FORM001,5,C5,2026-07-22,2026-07-22,1,1,1,1,0,0,0,0.0,365.0,0.0,1,0,1.0,1.0,1.0,0.0,1.0,1.0,6.0,0.2,0.0,0.0,0.0,0.0,0.0,4.5,1.0,11.990801576872535,10.5,2.0,postgresql_d2f,283,False,2026-07-22,v1.1.0
ENS020,2,C2,2026-07-22,2026-07-22,3,3,3,2,0,0,-1,-0.3333333333333333,365.0,0.0,1,0,2.5,2.0,3.0,0.0,0.0,2.0,5.0,0.5,0.0,0.0,0.0,0.0,0.0,0.0,0.0,11.990801576872535,0.0,3.333333333333333,postgresql_d2f,190,False,2026-07-22,v1.1.0
ENS020,3,C3,2026-07-22,2026-07-22,2,2,2,2,0,0,0,0.0,365.0,0.0,1,0,2.0,2.0,2.0,0.0,0.0,1.0,5.0,0.25,0.0,0.0,0.0,0.0,0.0,0.0,0.0,11.990801576872535,0.0,3.0,postgresql_d2f,191,False,2026-07-22,v1.1.0
ENS020,4,C4,2026-07-22,2026-07-22,3,3,3,3,0,0,0,0.0,365.0,0.0,1,0,3.0,3.0,3.0,0.0,0.0,1.0,5.0,0.25,0.0,0.0,0.0,0.0,0.0,0.0,0.0,11.990801576872535,0.0,2.0,postgresql_d2f,192,False,2026-07-22,v1.1.0
ENS019,3,C3,2026-07-22,2026-07-22,2,2,3,2,0,1,-1,0.0,365.0,0.0,1,0,2.3333333333333335,2.0,3.0,0.0,0.0,3.0,6.0,0.42857142857142855,0.0,0.0,0.0,0.0,0.0,0.0,0.0,11.990801576872535,0.0,3.0,postgresql_d2f,178,False,2026-07-22,v1.1.0
ENS017,2,C2,2026-07-22,2026-07-22,2,2,2,2,0,0,0,0.0,365.0,0.0,1,0,2.0,2.0,2.0,0.0,0.0,1.0,5.0,0.3333333333333333,0.0,0.0,0.0,0.0,0.0,0.0,0.0,11.990801576872535,0.0,0.0,postgresql_d2f,153,False,2026-07-22,v1.1.0
ENS017,1,C1,2026-07-22,2026-07-22,3,3,3,3,0,0,0,0.0,365.0,0.0,1,0,3.0,3.0,3.0,0.0,0.0,3.0,5.0,1.0,0.0,0.0,0.0,0.0,0.0,0.0,0.0,11.990801576872535,0.0,2.0,postgresql_d2f,152,False,2026-07-22,v1.1.0
ENS016,6,C6,2026-07-22,2026-07-22,2,2,2,3,0,0,1,0.3333333333333333,365.0,0.0,1,0,2.5,2.0,3.0,0.0,0.0,2.0,6.0,0.4,0.0,0.0,0.0,0.0,0.0,0.0,0.0,11.990801576872535,0.0,1.6666666666666665,postgresql_d2f,149,False,2026-07-22,v1.1.0
ENS014,1,C1,2026-07-22,2026-07-22,1,2,3,2,1,1,-1,0.3333333333333333,365.0,0.0,1,0,1.8,1.0,3.0,0.0,2.0,5.0,6.0,1.0,0.0,0.0,0.0,0.0,0.0,0.0,0.0,11.990801576872535,0.0,2.6666666666666665,postgresql_d2f,113,False,2026-07-22,v1.1.0
ENS014,2,C2,2026-07-22,2026-07-22,2,2,3,1,0,1,-2,-0.3333333333333333,365.0,0.0,1,0,2.0,1.0,3.0,0.0,1.0,3.0,6.0,0.6,0.0,0.0,0.0,0.0,0.0,0.0,0.0,11.990801576872535,0.0,4.0,postgresql_d2f,116,False,2026-07-22,v1.1.0
ENS014,3,C3,2026-07-22,2026-07-22,3,3,3,1,0,0,-2,-0.6666666666666666,365.0,0.0,1,0,2.0,1.0,3.0,0.0,1.0,2.0,6.0,0.4,0.0,0.0,0.0,0.0,0.0,0.0,0.0,11.990801576872535,0.0,4.0,postgresql_d2f,118,False,2026-07-22,v1.1.0
ENS014,4,C4,2026-07-22,2026-07-22,3,3,3,2,0,0,-1,-0.3333333333333333,365.0,0.0,1,0,2.5,2.0,3.0,0.0,0.0,2.0,6.0,0.4,0.0,0.0,0.0,0.0,0.0,0.0,0.0,11.990801576872535,0.0,3.333333333333333,postgresql_d2f,120,False,2026-07-22,v1.1.0
ENS014,5,C5,2026-07-22,2026-07-22,1,1,1,1,0,0,0,0.0,365.0,0.0,1,0,1.0,1.0,1.0,0.0,1.0,1.0,6.0,0.2,0.0,0.0,0.0,0.0,0.0,0.0,0.0,11.990801576872535,0.0,2.0,postgresql_d2f,121,False,2026-07-22,v1.1.0
ENS014,6,C6,2026-07-22,2026-07-22,3,3,3,3,0,0,0,0.0,365.0,0.0,1,0,3.0,3.0,3.0,0.0,0.0,1.0,6.0,0.2,0.0,0.0,0.0,0.0,0.0,0.0,0.0,11.990801576872535,0.0,2.0,postgresql_d2f,122,False,2026-07-22,v1.1.0
ENS015,1,C1,2026-07-22,2026-07-22,3,1,2,3,-2,1,1,0.0,365.0,0.0,1,0,2.25,1.0,3.0,0.0,1.0,4.0,6.0,1.0,0.0,0.0,0.0,0.0,0.0,0.0,0.0,11.990801576872535,0.0,2.0,postgresql_d2f,126,False,2026-07-22,v1.1.0
ENS015,2,C2,2026-07-22,2026-07-22,1,1,1,3,0,0,2,0.6666666666666666,365.0,0.0,1,0,2.0,1.0,3.0,0.0,1.0,2.0,6.0,0.5,0.0,0.0,0.0,0.0,0.0,0.0,0.0,11.990801576872535,0.0,1.3333333333333335,postgresql_d2f,128,False,2026-07-22,v1.1.0
ENS015,3,C3,2026-07-22,2026-07-22,1,1,2,2,0,1,0,0.3333333333333333,365.0,0.0,1,0,1.6666666666666667,1.0,2.0,0.0,1.0,3.0,6.0,0.75,0.0,0.0,0.0,0.0,0.0,0.0,0.0,11.990801576872535,0.0,0.0,postgresql_d2f,131,False,2026-07-22,v1.1.0
ENS015,4,C4,2026-07-22,2026-07-22,2,2,2,1,0,0,-1,-0.3333333333333333,365.0,0.0,1,0,1.5,1.0,2.0,0.0,1.0,2.0,6.0,0.5,0.0,0.0,0.0,0.0,0.0,0.0,0.0,11.990801576872535,0.0,4.0,postgresql_d2f,133,False,2026-07-22,v1.1.0
ENS015,5,C5,2026-07-22,2026-07-22,1,1,1,1,0,0,0,0.0,365.0,0.0,1,0,1.0,1.0,1.0,0.0,1.0,1.0,6.0,0.25,0.0,0.0,0.0,0.0,0.0,0.0,0.0,11.990801576872535,0.0,2.0,postgresql_d2f,134,False,2026-07-22,v1.1.0
ENS015,6,C6,2026-07-22,2026-07-22,1,1,1,1,0,0,0,0.0,365.0,0.0,1,0,1.0,1.0,1.0,0.0,2.0,2.0,6.0,0.5,0.0,0.0,0.0,0.0,0.0,0.0,0.0,11.990801576872535,0.0,4.0,postgresql_d2f,136,False,2026-07-22,v1.1.0
ENS016,1,C1,2026-07-22,2026-07-22,1,1,3,1,0,2,-2,0.0,365.0,0.0,1,0,1.8,1.0,3.0,0.0,3.0,5.0,6.0,1.0,0.0,0.0,0.0,0.0,0.0,0.0,0.0,11.990801576872535,0.0,4.0,postgresql_d2f,141,False,2026-07-22,v1.1.0
ENS016,2,C2,2026-07-22,2026-07-22,1,1,1,3,0,0,2,0.6666666666666666,365.0,0.0,1,0,2.0,1.0,3.0,0.0,1.0,2.0,6.0,0.4,0.0,0.0,0.0,0.0,0.0,0.0,0.0,11.990801576872535,0.0,1.3333333333333335,postgresql_d2f,143,False,2026-07-22,v1.1.0
ENS016,3,C3,2026-07-22,2026-07-22,3,3,3,3,0,0,0,0.0,365.0,0.0,1,0,3.0,3.0,3.0,0.0,0.0,2.0,6.0,0.4,0.0,0.0,0.0,0.0,0.0,0.0,0.0,11.990801576872535,0.0,0.0,postgresql_d2f,145,False,2026-07-22,v1.1.0
ENS016,4,C4,2026-07-22,2026-07-22,2,2,2,2,0,0,0,0.0,365.0,0.0,1,0,2.0,2.0,2.0,0.0,0.0,1.0,6.0,0.2,0.0,0.0,0.0,0.0,0.0,0.0,0.0,11.990801576872535,0.0,3.0,postgresql_d2f,146,False,2026-07-22,v1.1.0
ENS016,5,C5,2026-07-22,2026-07-22,3,3,3,3,0,0,0,0.0,365.0,0.0,1,0,3.0,3.0,3.0,0.0,0.0,1.0,6.0,0.2,0.0,0.0,0.0,0.0,0.0,0.0,0.0,11.990801576872535,0.0,0.0,postgresql_d2f,147,False,2026-07-22,v1.1.0
ENS013,5,C5,2026-07-22,2026-07-22,2,2,2,2,0,0,0,0.0,365.0,0.0,1,0,2.0,2.0,2.0,0.0,0.0,1.0,6.0,0.25,0.0,0.0,0.0,0.0,0.0,0.0,0.0,11.990801576872535,0.0,1.0,postgresql_d2f,106,False,2026-07-22,v1.1.0
FORM001,6,C6,2026-07-22,2026-07-22,3,3,3,3,0,0,0,0.0,365.0,0.0,1,0,3.0,3.0,3.0,0.0,0.0,1.0,6.0,0.2,0.0,0.0,0.0,0.0,0.0,4.5,1.0,11.990801576872535,10.5,2.0,postgresql_d2f,284,False,2026-07-22,v1.1.0
